Book Name,No. of Books av,
book2,2,
book3,2,
book4,2,
book5,2,
book6,2,
book7,2,
book8,2,
book9,2,
book10,2,
book11,2,
book12,2,
book13,2,
book14,2,
book15,2,
book16,2,
book17,2,
book18,2,
book19,2,
book20,2,
book21,2,
book22,2,
book23,2,
book24,2,
book25,2,
book26,2,
book27,2,
book28,2,
book29,2,
book30,2,
book31,2,
book32,2,
book33,2,
book34,2,
book35,2,
book36,2,
book37,2,
book38,2,
book39,2,
book40,2,
book41,2,
book42,2,
book43,2,
book44,2,
book45,2,
book46,2,
book47,2,
book48,2,
book49,2,
book1,2,
